Violin,DoubleBass,AccousticGuitar,ElectricGuitarClean,ElectricGuitarDistorted,Flute,Clarinet,Saxophone,Trumpet,SingingVoiceMale,SingingVoiceFemale,HammondOrgan,ElectricPiano,Synthesizer,Piano,BassGuitar
ID,ViolinURL,ViolinSegment,DoubleBassURL,DoubleBassSegment,AccousticGuitarURL,AccousticGuitarSegment,ElectricGuitarCleanURL,ElectricGuitarCleanSegment,ElectricGuitarDistortedURL,ElectricGuitarDistortedSegment,FluteURL,FluteSegment,ClarinetURL,ClarinetSegment,SaxophoneURL,SaxophoneSegment,TrumpetURL,TrumpetSegment,SingingVoiceMaleURL,SingingVoiceMaleSegment,SingingVoiceFemaleURL,SingingVoiceFemaleSegment,HammondOrganURL,HammondOrganSegment,ElectricPianoURL,ElectricPianoSegment,SynthesizerURL,SynthesizerSegment,PianoURL,PianoSegment,BassGuitarURL,BassGuitarSegment
1,https://www.youtube.com/watch?v=fOTUcb9k9u8,00:10-00:40,https://www.youtube.com/watch?v=I4Hx0VfUbTw,00:01-00:00,https://www.youtube.com/watch?v=PSX2iTnN4hg,00:10-00:40,https://www.youtube.com/watch?v=zXemqki688A,00:04-00:34,https://www.youtube.com/watch?v=Vrz1H24Yv1s,06:49-07:10,https://www.youtube.com/watch?v=be1jJCH32OU,00:30-01:00,https://www.youtube.com/watch?v=8AzV_Sz-oYw,00:10-00:40,https://www.youtube.com/watch?v=rx0H6tqlw8g,00:00-01:00,https://www.youtube.com/watch?v=aGk1zIDQQjQ,00:00-01:00,https://www.youtube.com/watch?v=i8i_yUS9mJ0,01:34-02:00,https://www.youtube.com/watch?v=brdLGsKOeww,00:00-00:42,https://waww.youtube.com/watch?v=Pi_gwED-gQw,00:00-00:50,https://www.youtube.com/watch?v=cnzICutH_sE,00:00-01:00,https://www.youtube.com/watch?v=WBVbpihGv2I,01:40-02:20,https://www.youtube.com/watch?v=V1Tr1qCHwq4,00:44-01:44,https://www.youtube.com/watch?v=4XSTVivH3Q4,00:10-00:50
2,https://www.youtube.com/watch?v=34iZsGgufmg,00:10-00:40,https://www.youtube.com/watch?v=nUUVSxZ4ohI,03:26-03:42,https://www.youtube.com/watch?v=vO-WRcK6USk,00:10-00:40,https://www.youtube.com/watch?v=i3GroTfZSXI,10:00-11:00,https://www.youtube.com/watch?v=qjx2pHEF8_s,00:00-00:25,https://www.youtube.com/watch?v=jAJ4i1L3y5M,00:05-01:05,https://www.youtube.com/watch?v=yKUDql57gEs,00:01-00:30,https://www.youtube.com/watch?v=RvTPnHAWa9k,00:10-00:40,https://www.youtube.com/watch?v=NOO7029fQeY,00:00-01:00,https://www.youtube.com/watch?v=i8i_yUS9mJ0,00:29-01:00,https://www.youtube.com/watch?v=brdLGsKOeww,00:43-01:16,https://www.youtube.com/watch?v=1e2JyoQwVHQ,00:42-01:56,https://www.youtube.com/watch?v=QDHJkKkLsbI,00:00-01:00,https://www.youtube.com/watch?v=s5l7ix0t2bc,01:19-01:55,https://www.youtube.com/watch?v=E-d61DymbsY,01:05-02:05,https://www.youtube.com/watch?v=HAlGo11Jza8,00:10-00:50
3,https://www.youtube.com/watch?v=7wGzDkHfCpY,00:10-00:40,https://www.youtube.com/watch?v=8bsqoIRmt9E,00:06-00:36,https://www.youtube.com/watch?v=FUPx42UmSng,00:10-00:40,https://www.youtube.com/watch?v=rCwklCge8QM,00:13-00:28,https://www.youtube.com/watch?v=3900Exbb4P0,05:27-06:06,https://www.youtube.com/watch?v=a2DxZkkb2iE,00:05-01:05,https://www.youtube.com/watch?v=Dd75c7jKack,06:35-07:10,https://www.youtube.com/watch?v=KSYzHDXw0tM,00:10-00:40,https://www.youtube.com/watch?v=BkUFSSeNKb8,00:00-01:00,https://www.youtube.com/watch?v=i8i_yUS9mJ0,01:02-01:32,https://www.youtube.com/watch?v=brdLGsKOeww,01:19-02:19,https://www.youtube.com/watch?v=dGzKCVebX_Y,00:14-00:54,https://www.youtube.com/watch?v=u-6Uc9-z9c8,00:00-01:00,https://www.youtube.com/watch?v=8cTZo0qUlK8,05:39-05:49,https://www.youtube.com/watch?v=XwfJc9weosg,00:04-00:34,https://www.youtube.com/watch?v=DL9nwuG3KZU,00:10-00:27
4,https://www.youtube.com/watch?v=V3aloHY7I_g,00:10-00:40,https://www.youtube.com/watch?v=Hez8gs_Lo78,00:03-00:33,https://www.youtube.com/watch?v=UfZmMJKIBec,00:10-00:40,https://www.youtube.com/watch?v=dfokK5FBj6c,00:58-01:04,https://www.youtube.com/watch?v=40i3_JH6FYw,00:51-01:03,https://www.youtube.com/watch?v=a2DxZkkb2iE,00:15-01:15,https://www.youtube.com/watch?v=JAl5sEusVoca,01:02-01:10,https://www.youtube.com/watch?v=89A0vvoeI6M,00:26-01:26,https://www.youtube.com/watch?v=Ekexpsu2pRY,00:08-00:38,https://www.youtube.com/watch?v=i8i_yUS9mJ0,03:49-04:36,https://www.youtube.com/watch?v=Z0AbSlieE7Y,00:04-00:34,https://www.youtube.com/watch?v=8nO6m7IkSK8,02:20-03:20,https://www.youtube.com/watch?v=cNPFBeBLuZw,00:00-01:00,https://www.youtube.com/watch?v=ZOUkQyoFZz8,04:00-04:30,https://www.youtube.com/watch?v=sEQf5lcnj_o,00:30-01:30,https://www.youtube.com/watch?v=XPSriFxA6r0,01:36-02:36
5,https://www.youtube.com/watch?v=TaLAnACVLcI,00:10-00:40,https://www.youtube.com/watch?v=g_LSbxKEYkQ,00:02-00:22,https://www.youtube.com/watch?v=8B6jOUzBKYc,00:10-00:40,https://www.youtube.com/watch?v=40i3_JH6FYw,00:45-00:50,https://www.youtube.com/watch?v=I-nKaOFf2X4,00:06-00:36,https://www.youtube.com/watch?v=Sz40f_geQRo,00:20-01:20,https://www.youtube.com/watch?v=b9hVMnMfLoA,00:04-00:34,https://www.youtube.com/watch?v=4NFqYXx4llY,00:01-00:51,https://www.youtube.com/watch?v=sasIrTsfXnU,01:00-02:00,https://www.youtube.com/watch?v=i8i_yUS9mJ0,02:56-03:47,https://www.youtube.com/watch?v=gN579lJyyFY,00:00-00:30,https://www.youtube.com/watch?v=UtM0gNYlJ74,00:00-00:50,https://www.youtube.com/watch?v=cM9Q7_BHzhg,02:00-02:50,https://www.youtube.com/watch?v=5XhioqEKWAg,00:00-01:00,https://www.youtube.com/watch?v=T92R7xjce34,00:00-01.00,https://www.youtube.com/watch?v=DNh7n9g_mN4,00:00-01:00
6,https://www.youtube.com/watch?v=7wGzDkHfCpY,00:10-01:00,https://www.youtube.com/watch?v=QmmNtsCdKGs,00:02-00:22,https://www.youtube.com/watch?v=Fz_0IuINCeQ,00:10-00:40,https://www.youtube.com/watch?v=EOkdW9T4Mng,00:01-00:33,https://www.youtube.com/watch?v=G-cyqdQZc8k,00:02-00:40,https://www.youtube.com/watch?v=9myEAd91tv8,00:02-00:32,https://www.youtube.com/watch?v=3rfZ_A1jGqs,00:00-00:40,https://www.youtube.com/watch?v=h4Wgb8HhjTY,00:07-00:47,https://www.youtube.com/watch?v=1SBSrPZWtlA,01:03-03:28,https://www.youtube.com/watch?v=XzCUGUJkKbE,00:30-01:00,https://www.youtube.com/watch?v=NyUtoQB3ewI,00:20-01:20,https://www.youtube.com/watch?v=UmLcXeGMYnc,00:40-01:40,https://www.youtube.com/watch?v=ByyPMwz_fDM,00:30-01:10,https://www.youtube.com/watch?v=5XhioqEKWAg,00:01-02:00,https://www.youtube.com/watch?v=yxzsL1bA7xw,00:00-01.00,https://www.youtube.com/watch?v=KghfAAT6X18,00:00-01:00
7,https://www.youtube.com/watch?v=S9iwLthQFpo,00:00-00:30,https://www.youtube.com/watch?v=cuVB4i-a3yg,00:00-00:16,https://www.youtube.com/watch?v=170GfcR1i_A,00:10-00:40,https://www.youtube.com/watch?v=KnyonqioqZ4,00:08-01:40,https://www.youtube.com/watch?v=_X4rTRA5uxQ,00:34-01:04,https://www.youtube.com/watch?v=LIq1sk10kiE,00:09-00:59,https://www.youtube.com/watch?v=dKg0OEzVGZA,00:03-00:33,https://www.youtube.com/watch?v=ShebcLInuC4,00:14-00:44,https://www.youtube.com/watch?v=esHJv0-c76c,00:06-00:26,https://www.youtube.com/watch?v=XzCUGUJkKbE,01:00-01:30,https://www.youtube.com/watch?v=NyUtoQB3ewI,03:00-04:00,https://www.youtube.com/watch?v=PAloc3aBeQY,02:52-03:52,https://www.youtube.com/watch?v=MeQvEe_xexM,00:10-00:50,https://www.youtube.com/watch?v=5XhioqEKWAg,00:02-03:00,https://www.youtube.com/watch?v=s6nNDjeK60A,00:00-01.00,https://www.youtube.com/watch?v=qUBJrVmdetY,00:00-01:00
8,https://www.youtube.com/watch?v=wLTDCW5Rv8o,03:07-03:25,https://www.youtube.com/watch?v=SAf8CL1pMFY,00:10-00:05,https://www.youtube.com/watch?v=7H-py7rkmC8,00:10-00:40,https://www.youtube.com/watch?v=Rf4r44DpZis,01:02-01:41,https://www.youtube.com/watch?v=LQlC3YE_HTo,03:38-04:10,https://www.youtube.com/watch?v=LCDNKlJiaow,01:10-02:15,https://www.youtube.com/watch?v=yzXA5lhZjvg,01:02-01:33,https://www.youtube.com/watch?v=k1bI73YvEBw,01:00-02:00,https://www.youtube.com/watch?v=jxvkmRrJIVc,00:03-00:43,https://www.youtube.com/watch?v=XzCUGUJkKbE,01:30-02:00,https://www.youtube.com/watch?v=NyUtoQB3ewI,05:00-06:00,https://www.youtube.com/watch?v=yFSe-omeH2M,00:30-01:00,https://www.youtube.com/watch?v=K4jqtvFGonQ,01:40-01:20,https://www.youtube.com/watch?v=5XhioqEKWAg,00:03-04:00,https://www.youtube.com/watch?v=588D3bKH3Dg,01:00-01:50,https://www.youtube.com/watch?v=klV3WuZQyW4,00:00-00:40
9,https://www.youtube.com/watch?v=vB00ah6E5E4,00:09-00:37,https://www.youtube.com/watch?v=C1md271yJCE,00:00-00:25,https://www.youtube.com/watch?v=JsD6uEZsIsU,00:03-01:03,https://www.youtube.com/watch?v=cXp57uDX5J8,00:00-00:55,https://www.youtube.com/watch?v=7ESPGt5tJvw,00:00-00:30,https://www.youtube.com/watch?v=AmtxmFYbUeg,00:15-01:15,https://www.youtube.com/watch?v=wtsdePiAbfY,00:12-01.00,https://www.youtube.com/watch?v=o8HTdibTS-U,00:12-00:42,https://www.youtube.com/watch?v=chD_5NBSOeU,00:10-00:50,https://www.youtube.com/watch?v=XzCUGUJkKbE,01:02-02:00,https://www.youtube.com/watch?v=J1rvZSasOOo,00:00-00:17,https://www.youtube.com/watch?v=b2Env7Qa1qg,00:03-00:33,https://www.youtube.com/watch?v=u-ypGHPpf8k,02:00-02:40,https://www.youtube.com/watch?v=5XhioqEKWAg,00:04-05:00,https://www.youtube.com/watch?v=XM5-8OxS6f8,00:00-01.00,https://www.youtube.com/watch?v=Lc_NxiVQp6g,00:00-00:30
10,https://www.youtube.com/watch?v=PWX_mohRkQ4,17:00-17:40,https://www.youtube.com/watch?v=Hez8gs_Lo78,00:00-00:50,https://www.youtube.com/watch?v=eXqPYte8tvc,00:05-00:55,https://www.youtube.com/watch?v=pDnWPyQRmOg,00:01-00:51,https://www.youtube.com/watch?v=Ut2gBahsMVY,00:00-00:47,https://www.youtube.com/watch?v=YMv2xTAkpQE,02:00-02:50,https://www.youtube.com/watch?v=a35brDU5cG0,00:00-00:30,https://www.youtube.com/watch?v=czCM6ZNwHK8,01:00-01:50,https://www.youtube.com/watch?v=jLEY46GNvPs,01:58-02:22,https://www.youtube.com/watch?v=-CXzUlDpyUY,00:00-01:00,https://www.youtube.com/watch?v=L7wLkxEyubA,00:11-00:50,https://www.youtube.com/watch?v=G2LzSItsQ80,00:13-01:13,https://www.youtube.com/watch?v=2Jc96apNw7k,00:43-00:57,https://www.youtube.com/watch?v=5XhioqEKWAg,00:05-06:00,https://www.youtube.com/watch?v=itgR5a-hH_o,00:15-00:55,https://www.youtube.com/watch?v=2iMCpLlPUNs,00:00-00:40
11,https://www.youtube.com/watch?v=Xe11Pp1g39I,00:20-01:20,https://www.youtube.com/watch?v=YF1pu-V3foY,00:22-01:01,https://www.youtube.com/watch?v=TEsSltTFmbY,00:05-00:35,https://www.youtube.com/watch?v=-oDuQtue5GQ,00:00-00:30,https://www.youtube.com/watch?v=y215hkmoAL4,01:09-01:38,https://www.youtube.com/watch?v=ZlVBXNIQIPw,00:00-01:00,https://www.youtube.com/watch?v=PBjRdu3y-Q0,00:07-00:39,https://www.youtube.com/watch?v=Q6ZwbHmDi5c,00:05-00:35,https://www.youtube.com/watch?v=nbY3UTOLwcw,00:00-00:13,https://www.youtube.com/watch?v=XCuuDkgyDNg,00:00-01:00,https://www.youtube.com/watch?v=sQLkJJpAIcU,00:09-00:39,https://www.youtube.com/watch?v=VI2lbnmzrCk,00:00-00:50,https://www.youtube.com/watch?v=VI2lbnmzrCk,00:03-00:33,https://www.youtube.com/watch?v=5XhioqEKWAg,00:07-08:00,https://www.youtube.com/watch?v=3pAJRTsQ7mg,00:34-01:04,https://www.youtube.com/watch?v=ErFTPe1Vujs,00:00-01.00
12,https://www.youtube.com/watch?v=AvyyomobYPo,00:00-00:40,https://www.youtube.com/watch?v=C1md271yJCE,00:02-00:22,https://www.youtube.com/watch?v=JjIu50iGDPQ,00:04-00:44,https://www.youtube.com/watch?v=LQlC3YE_HTo,03:14:03:31,https://www.youtube.com/watch?v=y215hkmoAL4,02:18-02:40,https://www.youtube.com/watch?v=i_lYfZKyDkw,00:03-00:21,https://www.youtube.com/watch?v=hhsLAUdaaYg,00:06-00:16,https://www.youtube.com/watch?v=iaHo2r27jx4,01:30-01:40,https://www.youtube.com/watch?v=A2Q7LmCVbV4,00:05-00:35,https://www.youtube.com/watch?v=-CXzUlDpyUY,01:35-02:46,https://www.youtube.com/watch?v=sQLkJJpAIcU,00:40-01:20,https://www.youtube.com/watch?v=jpHrNr6bDmU,01:00-01:30,https://www.youtube.com/watch?v=VI2lbnmzrCk,02:30-03:00,https://www.youtube.com/watch?v=g3eAY-hlxJA,00:00-00:30,https://www.youtube.com/watch?v=x0nlaoD40SE,00:00-01:00,https://www.youtube.com/watch?v=l3l2Q6azIaU,00:27-00:47
13,https://www.youtube.com/watch?v=AvyyomobYPo,00:50-00:20,https://www.youtube.com/watch?v=EBpgO5ChT8I,00:07-00:47,https://www.youtube.com/watch?v=bhRM868Oi2Q,00:00-00:37,https://www.youtube.com/watch?v=gPE8gFzZ_kg,00:00-00:10,https://www.youtube.com/watch?v=y215hkmoAL4,03:17-03:40,https://www.youtube.com/watch?v=2b3fLc-lbFc,00:10-00:18,https://www.youtube.com/watch?v=EnAlcBzJdqo,00:00-00:27,https://www.youtube.com/watch?v=iaHo2r27jx4,01:51-01:56,https://www.youtube.com/watch?v=D4grUDxfAbg,00:10-00:40,https://www.youtube.com/watch?v=3QKb0xXciCo,00:00-00:30,https://www.youtube.com/watch?v=sQLkJJpAIcU,01:30-02:00,https://www.youtube.com/watch?v=36AAy4hKUk0,02:00-02:30,https://www.youtube.com/watch?v=VI2lbnmzrCk,03:30-04:00,https://www.youtube.com/watch?v=95tiqo7hkXQ,00:00-00:30,https://www.youtube.com/watch?v=ATCupcQMJh0,00:00-01:00,https://www.youtube.com/watch?v=y1dfyVdr5HQ,00:00-01:00
14,https://www.youtube.com/watch?v=ephLR6HvKFU,03:32-03:32,https://www.youtube.com/watch?v=2SriEOjsDCo,00:00-01:00,https://www.youtube.com/watch?v=T-VlIOjtzsE,00:00-01:00,https://www.youtube.com/watch?v=Nfm3f-2Dv3k,00:07-00:26,https://www.youtube.com/watch?v=y215hkmoAL4,04:12-04:25,https://www.youtube.com/watch?v=FBbaE4ytj8E,00:00-01:00,https://www.youtube.com/watch?v=E2n3I97dOSA,00:00-02:00,https://www.youtube.com/watch?v=e5YNEk9Ye-o,00:00-01:00,https://www.youtube.com/watch?v=3bpD1lZsTsM,00:00-01:00,https://www.youtube.com/watch?v=Bo9CVufh4RU,00:08-00:40,https://www.youtube.com/watch?v=sQLkJJpAIcU,02:00-02:30,https://www.youtube.com/watch?v=2gMxdkfgE3M,06:05-06:16,https://www.youtube.com/watch?v=VI2lbnmzrCk,04:00-04:30,https://www.youtube.com/watch?v=8QEbmgdiuFk,00:00-00:30,https://www.youtube.com/watch?v=86mBwDD0zps,00:00-01:00,https://www.youtube.com/watch?v=CdV5yrqWEDA,00:00-01:00
15,https://www.youtube.com/watch?v=ulzAAuh7Nkw,00:09-00:37,https://www.youtube.com/watch?v=CeiOttJheK8,03:23-03:45,https://www.youtube.com/watch?v=T-VlIOjtzsE,01:00-02:00,https://www.youtube.com/watch?v=A8SaqpBhowU,00:33-00:43,https://www.youtube.com/watch?v=ftAe8bbC_GU,01:16-02:16,https://www.youtube.com/watch?v=5ECTIlxqb7s,00:00-01:00,https://www.youtube.com/watch?v=BT2UWAOWb8c,00:13-01:13,https://www.youtube.com/watch?v=17iagYDISeI,00:00-01:00,https://www.youtube.com/watch?v=XDm7FTcrgKI&spfreload=10,00:00-00:50,https://www.youtube.com/watch?v=yeGWT0ir5rE,00:32-01:40,https://www.youtube.com/watch?v=sQLkJJpAIcU,02:30-03:00,https://www.youtube.com/watch?v=2rqn4bYFUZU,00:00-02:00,https://www.youtube.com/watch?v=xCvf9SEGwOk,00:00-01:00,https://www.youtube.com/watch?v=I8KPuXZCDrQ,00:10-01:00,https://www.youtube.com/watch?v=1JpKjNLA0eI,02:00-03:00,https://www.youtube.com/watch?v=NaUJ9Va2WUA,00:00-01:00
16,https://www.youtube.com/watch?v=34YxnpU2JSI,02:10-02:30,https://www.youtube.com/watch?v=jzakD0jMcqQ,03:04-03:11,https://www.youtube.com/watch?v=jTVFcX7WT6g,00:01-00:31,https://www.youtube.com/watch?v=818Zma9ry1Q,00:40-01:30,https://www.youtube.com/watch?v=ftAe8bbC_GU,03:40-04:20,https://www.youtube.com/watch?v=woCrO0VxT6s,00:08-01:00,https://www.youtube.com/watch?v=BByuG-mcNc8,00:00-01:00,https://www.youtube.com/watch?v=GTFugbOqKaQ,00:00-01:00,https://www.youtube.com/watch?v=urX2Rnr42g4,00:06-00:37,https://www.youtube.com/watch?v=4ah4v6Dgbog,00:22-01:30,https://www.youtube.com/watch?v=Wd2ve6E_rfY,00:00-00:58,https://www.youtube.com/watch?v=KYSPNE8rtFI,00:13-00:50,https://www.youtube.com/watch?v=UfwGmgiI9Iw,00:08-01:08,https://www.youtube.com/watch?v=-t4YWWq7jk0,00:21-02:00,https://www.youtube.com/watch?v=JbjzPKTfjlc,00:27-01:30,https://www.youtube.com/watch?v=e5W8Hk4Ok5Y,00:00-00:42
17,https://www.youtube.com/watch?v=zXDQ-QliMJI,00:19-01:19,https://www.youtube.com/watch?v=s-8mgh2xvg8,00:00-00:28,https://www.youtube.com/watch?v=XnhHV2ogyWE,00:00-00:30,https://www.youtube.com/watch?v=OlItUH43S1g,00:00-00:50,https://www.youtube.com/watch?v=Nfm3f-2Dv3k,00:26-01:03,https://www.youtube.com/watch?v=CpwKka2ZQ_Q,00:05-01:05,https://www.youtube.com/watch?v=X3GbAKww1KI,00:00-01:00,https://www.youtube.com/watch?v=U6Y5JdorR8E,00:20-01:20,https://www.youtube.com/watch?v=6usP-XNYTDo,00:12-00:40,https://www.youtube.com/watch?v=8lOGPSMERn0,00:12-00:45,https://www.youtube.com/watch?v=W7W36ddrp_E,00:00-00:30,https://www.youtube.com/watch?v=7uaPUUVQdHM,00:00-00:44,https://www.youtube.com/watch?v=LD7lURo81YQ,01:18-01:37,https://www.youtube.com/watch?v=8DPJ-NZS5wA,00:00-00:28,https://www.youtube.com/watch?v=-TUlcUoFTA4,02:00-03:00,https://www.youtube.com/watch?v=g4IF1tDfJio,20:20-21:00
18,https://www.youtube.com/watch?v=asNGe2DWcbQ,04:22-05:00,https://www.youtube.com/watch?v=R8CdjtiODHM,00:06-00:46,https://www.youtube.com/watch?v=XnhHV2ogyWE,01:00-01:30,https://www.youtube.com/watch?v=fh8Dj-9pp6I,00:10-00:41,https://www.youtube.com/watch?v=0RHWxUTxrR8,00:04-01:00,https://www.youtube.com/watch?v=kXHBvV61Isg,00:10-01:10,https://www.youtube.com/watch?v=L0_B1GydZpo,00:00-01:00,https://www.youtube.com/watch?v=ubNnw9EjJqs,00:15-00:45,https://www.youtube.com/watch?v=XmV6Qqe9log,00:00-00:29,https://www.youtube.com/watch?v=mPiCNqubVe0,00:15-00:45,https://www.youtube.com/watch?v=C_tH8S96Jds,00:00-00:58,https://www.youtube.com/watch?v=7-8SjLVJPQw,00:11-01:00,https://www.youtube.com/watch?v=Po0mCZX7vg0,00:00-00:23,https://www.youtube.com/watch?v=WXWDVINBJfU,00:59-01:40,https://www.youtube.com/watch?v=qSnncxc_PtI,01:00-02:50,https://www.youtube.com/watch?v=NaUJ9Va2WUA,01:10-02:30
19,https://www.youtube.com/watch?v=mefmYoMiLhs,02:47:04:00,https://www.youtube.com/watch?v=71HvurkxiTE,00:00-00:19,https://www.youtube.com/watch?v=XnhHV2ogyWE,02:00-03:00,https://www.youtube.com/watch?v=oVlJD72vqGA,07:16-07:56,https://www.youtube.com/watch?v=_hreIJn-W48,00:10-00:40,https://www.youtube.com/watch?v=epFXQk60Zyw,00:00-01:00,https://www.youtube.com/watch?v=sR3-hOZHbnY,00:00-00:30,https://www.youtube.com/watch?v=4QqloO3AwDw,00:00-00:28,https://www.youtube.com/watch?v=eA7SQ6kCmzs,00:20-01:20,https://www.youtube.com/watch?v=nWWAm9WZPiU,00:15-00:44,https://www.youtube.com/watch?v=QjlZwWhQgD0,00:00-00:58,https://www.youtube.com/watch?v=jScytOurTcY,00:30-02:40,https://www.youtube.com/watch?v=ynSSAI4eC7Q,01:07-02:07,https://www.youtube.com/watch?v=JDizYiLQzsc,00:00-01:00,https://www.youtube.com/watch?v=fAwZ3pmnhSE,01:38-02:40,https://www.youtube.com/watch?v=XvWM639X6BM,04:07-04:30
20,https://www.youtube.com/watch?v=TaLAnACVLcI,01:47-02:34,https://www.youtube.com/watch?v=orTVOtyIrq0,00:01-00:45,https://www.youtube.com/watch?v=PaKNRXIBzUo,00:02-01:02,https://www.youtube.com/watch?v=8DTjIz2uA5Y,00:00-00:38,https://www.youtube.com/watch?v=nv3rOL2nFk4,00:44-01:44,https://www.youtube.com/watch?v=FpEivZZsZsk,00:00-01:00,https://www.youtube.com/watch?v=84Hh8deNCtw,00:03-01:03,https://www.youtube.com/watch?v=jSJ89Sa0WZs,00:00-00:39,https://www.youtube.com/watch?v=ztewih1oFiY,00:05-01:00,https://www.youtube.com/watch?v=W00_rCE0m28,00:15-00:45,https://www.youtube.com/watch?v=JqF8vcZ9wlA,01:00-01:30,https://www.youtube.com/watch?v=bafBHH1ThC0,00:00-01:00,https://www.youtube.com/watch?v=AgScQkCa0-I,00:04-00:50,https://www.youtube.com/watch?v=orawqkCxwQA,01:12-02:08,https://www.youtube.com/watch?v=euERwAD0AfM,01:22-02:30,https://www.youtube.com/watch?v=ZdX4YbHeLZw,00:00-02:00
21,https://www.youtube.com/watch?v=aX9CSByXXag,00:00-01:00,https://www.youtube.com/watch?v=IxnurDFZCgQ,00:00-01:00,https://www.youtube.com/watch?v=Fz_0IuINCeQ,00:18-01:00,https://www.youtube.com/watch?v=8x71Uo5VG6k,00:00-00:45,https://www.youtube.com/watch?v=k0z_scQXxr8,03:56-04:56,https://www.youtube.com/watch?v=K7fBlN9kqlI,00:30-01:30,https://www.youtube.com/watch?v=JsNW0e50GoI,00:00-00:51,https://www.youtube.com/watch?v=17iagYDISeI,00:00-01:00,https://www.youtube.com/watch?v=ik8RUa4pv18,00:00-01:00,https://www.youtube.com/watch?v=JPLnmPCdqHM,00:15-00:44,https://www.youtube.com/watch?v=WDbCiosOvOc,00:18-01:18,https://www.youtube.com/watch?v=0nsPgSl52qY,00:00-01:00,https://www.youtube.com/watch?v=ynSSAI4eC7Q,00:30-01:00,https://www.youtube.com/watch?v=nhUe_JOQf8g,00:30-01:00,https://www.youtube.com/watch?v=fEOJQawykD0,00:00-01:00,https://www.youtube.com/watch?v=SJW6Rw8rudI,00:00-00:46
22,https://www.youtube.com/watch?v=ZKxpRfybe1U,01:00-02:00,https://www.youtube.com/watch?v=HHu6rzmUvFI&list=PLPbMdHt-Dy0qqww0HxcJftfYcgupAnzCr&index=8,00:00-01:00,https://www.youtube.com/watch?v=n3l5cncS4OE,00:00-01:00,https://www.youtube.com/watch?v=_sJ_1WwGlow,00:08-00:31,https://www.youtube.com/watch?v=9XXs0dXLyGg,03:00-04:00,https://www.youtube.com/watch?v=aw53VrbI4l0,00:00-01:00,https://www.youtube.com/watch?v=1uHOFYrFZRo,00:03-00:33,https://www.youtube.com/watch?v=_r99gzGxWYw,00:00-00:13,https://www.youtube.com/watch?v=XvVmZmMLojc,00:30-01:30,https://www.youtube.com/watch?v=Zi4xAxAs12o,00:00-00:45,https://www.youtube.com/watch?v=XvVmZmMLojc,02:30-03:00,https://www.youtube.com/watch?v=C5AZvp8yHac,00:10-01:10,https://www.youtube.com/watch?v=coy-DpEhITE,00:30-01:00,https://www.youtube.com/watch?v=hPfDn-u6gsU,00:35-01:05,https://www.youtube.com/watch?v=XZDC1QvMhNs,00:10-01:10,https://www.youtube.com/watch?v=4qyhBn6ieLI,00:00-01:00
23,https://www.youtube.com/watch?v=7mE-_Su5TgU,00:00-00:27,https://www.youtube.com/watch?v=s-8mgh2xvg8,00:00-00:28,https://www.youtube.com/watch?v=JsD6uEZsIsU,00:00-01:00,https://www.youtube.com/watch?v=Nfm3f-2Dv3k,00:00-00:27,https://www.youtube.com/watch?v=Nfm3f-2Dv3k,00:28-01:00,https://www.youtube.com/watch?v=liIJPhO4kIE,00:00-01:00,https://www.youtube.com/watch?v=N2pKe2R6vNg,00:30-01:30,https://www.youtube.com/watch?v=ybiqr7QQ8Uo,00:00-00:20,https://www.youtube.com/watch?v=9khDqZorPU8,00:00-00:30,https://www.youtube.com/watch?v=XvVmZmMLojc,00:20-01:20,https://www.youtube.com/watch?v=PzV1kGev7XQ,00:20-01:22,https://www.youtube.com/watch?v=dGzKCVebX_Y,00:10-01:10,https://www.youtube.com/watch?v=PwReWjAxZqE,00:16-01:16,https://www.youtube.com/watch?v=VOfRThUtz1s,00:00-01:00,https://www.youtube.com/watch?v=zotzJ0sO5VA,00:00-01:00,https://www.youtube.com/watch?v=7PgnbtWvp4o,00:00-00:30
24,https://www.youtube.com/watch?v=11eOIsAtVJg,00:00-01:00,https://www.youtube.com/watch?v=3VlV29Lc340,00:00-01:00,https://www.youtube.com/watch?v=eXqPYte8tvc,00:00-01:00,https://www.youtube.com/watch?v=08gEwiRHk7I,00:05-00:35,https://www.youtube.com/watch?v=uFDplwKtUR0,00:10-01:10,https://www.youtube.com/watch?v=K7fBlN9kqlI,00:15-01:15,https://www.youtube.com/watch?v=oy1klrS90yc,00:00-00:40,https://www.youtube.com/watch?v=Ag1_ot-uTrI,00:00-00:45,https://www.youtube.com/watch?v=5OcBjrKXb8g,00:00-00:20,https://www.youtube.com/watch?v=JMtT3xjR8mw,00:16-01:16,https://www.youtube.com/watch?v=0M73bB5NsiI,00:00-01:00,https://www.youtube.com/watch?v=36AAy4hKUk0,00:00-00:30,https://www.youtube.com/watch?v=YFi_nUUF8uQ,00:20-00:50,https://www.youtube.com/watch?v=VOfRThUtz1s,01:30-02:20,https://www.youtube.com/watch?v=ZyOFLfw9HV4,00:00-01:00,https://www.youtube.com/watch?v=KRvlJaUWMpI,00:00-01:00
25,https://www.youtube.com/watch?v=geuipnhGEiA,00:00-01:00,https://www.youtube.com/watch?v=V54r2Muq-Ck,00:08-01:08,https://www.youtube.com/watch?v=LMPWfHqVj40,00:00-01:00,https://www.youtube.com/watch?v=g_sdsbYmqXM,00:00-00:50,https://www.youtube.com/watch?v=wnHS-NiE7LM,00:10-01:10,https://www.youtube.com/watch?v=aw53VrbI4l0,00:00-01:00,https://www.youtube.com/watch?v=cuFB0z-Ks8U,00:07-01:07,https://www.youtube.com/watch?v=y9Umu2q3QTo,00:00-00:59,https://www.youtube.com/watch?v=5PugYrMMC0k,00:00-00:30,https://www.youtube.com/watch?v=X4IItVMilG4,00:15-01:15,https://www.youtube.com/watch?v=xTchyZ6gsMI,00:00-01:00,https://www.youtube.com/watch?v=Pi_gwED-gQw,03:40-04:10,https://www.youtube.com/watch?v=UDm1LkWcrUo,00:05-00:35,https://www.youtube.com/watch?v=-7tmpVURcbg,00:00-01:00,https://www.youtube.com/watch?v=NdGK5MtrPBU,00:00-01:00,https://www.youtube.com/watch?v=JrrRa-Gl0G0,00:00-01:00
26,https://www.youtube.com/watch?v=ntRHg5a98LE,00:00-01:00,https://www.youtube.com/watch?v=X0hLUKsUwyI,00:00-01:00,https://www.youtube.com/watch?v=FXJ5fgadB2k,00:00-01:00,https://www.youtube.com/watch?v=p_joU1pJth0,03:40-04:40,https://www.youtube.com/watch?v=YRtrF6gzK6U,00:10-01:10,https://www.youtube.com/watch?v=dmQVaCa8i74,00:10-01:10,https://www.youtube.com/watch?v=kx-znzyZWnU,01:03-02:28,https://www.youtube.com/watch?v=VUnCqbyJMlA,00:00-00:27,https://www.youtube.com/watch?v=p8vPoNWW_B8,00:00-00:30,https://www.youtube.com/watch?v=87NpyP0SFvM,00:00-01:00,https://www.youtube.com/watch?v=n84uLQanjBg,00:20-01:20,https://www.youtube.com/watch?v=QwLt-VXHxD0,00:10-01:10,https://www.youtube.com/watch?v=K4jqtvFGonQ,00:20-00:50,https://www.youtube.com/watch?v=-7tmpVURcbg,01:20-02:00,https://www.youtube.com/watch?v=T92R7xjce34,00:00-01:00,https://www.youtube.com/watch?v=p5Z5nyS6Tis,00:00-00:21
27,https://www.youtube.com/watch?v=ZtfqguNNiOk,00:00-01:00,https://www.youtube.com/watch?v=54bz5yqN2IA,00:00-00:40,https://www.youtube.com/watch?v=c4aQZeNP57w,00:00-01:00,https://www.youtube.com/watch?v=rAQ0w4z3C8c,00:10-01:10,https://www.youtube.com/watch?v=rTOTSWb5UEo,00:10-01:10,https://www.youtube.com/watch?v=9p2Lvqdq67s,00:00-01:00,https://www.youtube.com/watch?v=qcMAF_-7Yz0,00:00-00:20,https://www.youtube.com/watch?v=nBwdq9BRsOE,00:00-01:18,https://www.youtube.com/watch?v=YcjCzmwG15g,00:00-00:30,https://www.youtube.com/watch?v=VrAdX4O1m4M,00:00-01:00,https://www.youtube.com/watch?v=bpFsoFBVftE,00:15-01:15,https://www.youtube.com/watch?v=tXTQ8ZNp8Lk,00:40-01:40,https://www.youtube.com/watch?v=aBZFlsrrWrg,00:05-00:35,https://www.youtube.com/watch?v=xaaEWDyoXoc,00:15-01:15,https://www.youtube.com/watch?v=s6nNDjeK60A,00:00-01:00,https://www.youtube.com/watch?v=T-RjmUFec40,00:00-01:00
28,https://www.youtube.com/watch?v=rDuRxePIOw4,00:42-01:42,https://www.youtube.com/watch?v=eSCgb4SE7uw,01:00-02:00,https://www.youtube.com/watch?v=MXlDpB8b9Pk,00:11-01:11,https://www.youtube.com/watch?v=rAQ0w4z3C8c,00:10-01:10,https://www.youtube.com/watch?v=ZZxhEy6iFqs,00:00-00:50,https://www.youtube.com/watch?v=JWB1R0sCZVY,00:20-01:10,https://www.youtube.com/watch?v=vMvUXkNyPxw,00:00-00:30,https://www.youtube.com/watch?v=j6_v2EatXug,00:00-00:44,https://www.youtube.com/watch?v=_putDJTx3PM,00:00-00:30,https://www.youtube.com/watch?v=HUWSNhLQ_Ok,00:00-01:00,https://www.youtube.com/watch?v=xkw7xBUAMHg,01:00-02:00,https://www.youtube.com/watch?v=8stsWXIh4H0,00:10-01:10,https://www.youtube.com/watch?v=qymvjykHous,00:03-00:33,https://www.youtube.com/watch?v=gfli9c-HPrs,00:20-01:20,https://www.youtube.com/watch?v=HSmG-oROoKM,00:00-01:00,https://www.youtube.com/watch?v=1WH7igEonVI,00:00-00:30
29,https://www.youtube.com/watch?v=FnJHcJegp4k,00:00-01:00,https://www.youtube.com/watch?v=euhpAyy5sXY,00:06-01:06,https://www.youtube.com/watch?v=a1frMsW8J9w,00:20-01:20,https://www.youtube.com/watch?v=Sx6ynGoFFe0,00:00-01:00,https://www.youtube.com/watch?v=-sLaT6VDWoE,00:00-01:00,https://www.youtube.com/watch?v=FqLcHYrkbBc,00:30-01:00,https://www.youtube.com/watch?v=3nFyRM7cSBs,00:00-00:30,https://www.youtube.com/watch?v=hd_vq3qyiIg,00:00-01:00,https://www.youtube.com/watch?v=r9yvENvUThM,00:00-01:00,https://www.youtube.com/watch?v=6qBdk64n7XE,00:00-00:30,https://www.youtube.com/watch?v=XDBVKuFgE9Y,00:20-01:20,https://www.youtube.com/watch?v=8nO6m7IkSK8,04:30-05:00,https://www.youtube.com/watch?v=IVaN41xjwOM,00:00-00:30,https://www.youtube.com/watch?v=rhbk3sEUe_4,00:00-01:00,https://www.youtube.com/watch?v=rExcQ5nm_yU,00:05-01:05,https://www.youtube.com/watch?v=VbNuB_MfmtQ,00:13-01:13
30,https://www.youtube.com/watch?v=C3fJu9bueIw,00:05-01:00,https://www.youtube.com/watch?v=8bsqoIRmt9E,00:04-01:04,https://www.youtube.com/watch?v=ymVinczOvW8,00:20-01:20,https://www.youtube.com/watch?v=rAQ0w4z3C8c,00:00-00:10,https://www.youtube.com/watch?v=RY6Kk6IoinQ,00:00-01:00,https://www.youtube.com/watch?v=DS1k7a9nTgI,00:00-01:00,https://www.youtube.com/watch?v=NeRxzSFXwPc,00:12-01:12,https://www.youtube.com/watch?v=O8EPy3ohA0w,00:00-00:31,https://www.youtube.com/watch?v=P6AovGKMtH8,00:00-00:30,https://www.youtube.com/watch?v=64e3_lgGVUM,00:07-01:07,https://www.youtube.com/watch?v=HYyW3YubBAk,00:20-01:20,https://www.youtube.com/watch?v=LA7VXw19es4,00:15-01:15,https://www.youtube.com/watch?v=wBCSCXqWiC0,00:05-00:35,https://www.youtube.com/watch?v=xCODTCWW6R4,00:00-01:00,https://www.youtube.com/watch?v=if8epsj52Gw,00:30-01:30,https://www.youtube.com/watch?v=uzk58P9P8oQ,00:30-01:00